Orders_Order_ID,Orders_Order_Date,Orders_Customer_Name,Orders_City,Orders_Country
B-25601,"Sunday, April 1, 2018",Brooke Hodgson,Leipzig,Germany
B-25602,"Sunday, April 1, 2018",Corey Norton,Marseille,France
B-25603,"Tuesday, April 3, 2018",Elijah Ruatoka,Karlsruhe,Germany
B-25604,"Tuesday, April 3, 2018",Amy Pendred,Hamburg,Germany
B-25605,"Thursday, April 5, 2018",Marcus Leon,Munich,Germany
B-25606,"Friday, April 6, 2018",Cerys Edwards,Offenbach,Germany
B-25607,"Friday, April 6, 2018",Louis Scott,London,United Kingdom
B-25608,"Sunday, April 8, 2018",Eve Bates,Duisburg,Germany
B-25609,"Monday, April 9, 2018",Isaac David,Friedrichshafen,Germany
B-25610,"Monday, April 9, 2018",Tyson Hanna,Ghent,Belgium
B-25611,"Wednesday, April 11, 2018",Isabella Falkiner,Odense,Denmark
B-25612,"Thursday, April 12, 2018",Ruby Frost,Torremolinos,Spain
B-25613,"Thursday, April 12, 2018",Naomi Hancock,Coventry,United Kingdom
B-25614,"Friday, April 13, 2018",Natasha Sykes,Esbjerg,Denmark
B-25615,"Sunday, April 15, 2018",Joseph Locke,Vienna,Austria
B-25616,"Sunday, April 15, 2018",Denise Harris,Herford,Germany
B-25617,"Tuesday, April 17, 2018",Alexandra Whitehouse,Palermo,Italy
B-25618,"Wednesday, April 18, 2018",Lorri Stratton,Hamburg,Germany
B-25619,"Wednesday, April 18, 2018",Joel Peters,Reggio Nell'Emilia,Italy
B-25620,"Friday, April 20, 2018",David Mortlock,Milan,Italy
B-25621,"Friday, April 20, 2018",Ruby Patel,London,United Kingdom
B-25622,"Sunday, April 22, 2018",Luz Reilly,Dresden,Germany
B-25623,"Sunday, April 22, 2018",Ava Giles,Duisburg,Germany
B-25624,"Sunday, April 22, 2018",Rebecca Chamberlain,Argenteuil,France
B-25625,"Monday, April 23, 2018",Imogen Daly,Geneva,Switzerland
B-25626,"Monday, April 23, 2018",Donna Farr,Oslo,Norway
B-25627,"Monday, April 23, 2018",Carl Proctor,Rome,Italy
B-25628,"Tuesday, April 24, 2018",Jessica Spring,Magdeburg,Germany
B-25629,"Tuesday, April 24, 2018",Lincoln Want,Bordeaux,France
B-25630,"Tuesday, April 24, 2018",Amy Nixon,Berlin,Germany
B-25631,"Tuesday, April 24, 2018",Georgina Garner,Noisy-Le-Grand,France
B-25632,"Wednesday, April 25, 2018",Mary Parker,Rome,Italy
B-25633,"Thursday, April 26, 2018",Bradley Howell,Bilbao,Spain
B-25634,"Thursday, April 26, 2018",Jay Andrews,Darlington,United Kingdom
B-25635,"Thursday, April 26, 2018",Eloise Mahmood,Trento,Italy
B-25636,"Thursday, April 26, 2018",Norma Mccowan,Biarritz,France
B-25637,"Thursday, April 26, 2018",Nicholas Carey,Crewe,United Kingdom
B-25638,"Thursday, April 26, 2018",Georgina Garner,Ceuta,Spain
B-25639,"Friday, April 27, 2018",Charlie Brooks,Marseille,France
B-25640,"Friday, April 27, 2018",Angie Massengill,Girona,Spain
B-25641,"Friday, April 27, 2018",Joel Peters,La Madeleine,France
B-25642,"Saturday, April 28, 2018",Millie Franklin,Bristol,United Kingdom
B-25643,"Sunday, April 29, 2018",Lorri Stratton,Deuil-La-Barre,France
B-25644,"Monday, April 30, 2018",Freya Daniels,Milan,Italy
B-25645,"Tuesday, May 1, 2018",Sam French,Krefeld,Germany
B-25646,"Tuesday, May 1, 2018",Leslie Wilson,Champigny-Sur-Marne,France
B-25647,"Thursday, May 3, 2018",Cynthia Zielinski,Derby,United Kingdom
B-25648,"Friday, May 4, 2018",Chelsea Bannister,Coventry,United Kingdom
B-25649,"Saturday, May 5, 2018",Paige Horsfall,Barcelona,Spain
B-25650,"Sunday, May 6, 2018",Sebastian Barber,Waterlooville,United Kingdom
B-25651,"Monday, May 7, 2018",Zachary Warner,Berlin,Germany
B-25652,"Tuesday, May 8, 2018",Abby Colebe,Poissy,France
B-25653,"Tuesday, May 8, 2018",Edward Davidson,Gallarate,Italy
B-25654,"Thursday, May 10, 2018",Desiree Hurt,Gronau,Germany
B-25655,"Friday, May 11, 2018",Lily Dallachy,Verdun,France
B-25656,"Friday, May 11, 2018",John Baca,Esbjerg,Denmark
B-25657,"Sunday, May 13, 2018",Paul Collazo,Hamburg,Germany
B-25658,"Monday, May 14, 2018",Leah Marsh,Alicante,Spain
B-25659,"Tuesday, May 15, 2018",Dennis Conaway,Heilbronn,Germany
B-25660,"Wednesday, May 16, 2018",Hayden Perkins,Bolton,United Kingdom
B-25661,"Thursday, May 17, 2018",Charles Builder,Cagliari,Italy
B-25662,"Thursday, May 17, 2018",Terence Welch,Altamura,Italy
B-25663,"Saturday, May 19, 2018",Matthew Gill,Villeurbanne,France
B-25664,"Sunday, May 20, 2018",Alta Nokes,Augsburg,Germany
B-25665,"Monday, May 21, 2018",Lauren Saunders,Barcelona,Spain
B-25666,"Tuesday, May 22, 2018",Harriet Chadwick,Preston,United Kingdom
B-25667,"Wednesday, May 23, 2018",Nathan Iqbal,Villiers-Sur-Marne,France
B-25668,"Thursday, May 24, 2018",Lori Miller,Madrid,Spain
B-25669,"Friday, May 25, 2018",Leroy Samson,Grenoble,France
B-25670,"Friday, May 25, 2018",Joyce Cornell,Cartagena,Spain
B-25671,"Sunday, May 27, 2018",Charlie Horrocks,Messina,Italy
B-25672,"Monday, May 28, 2018",Evie Morton,Naples,Italy
B-25673,"Monday, May 28, 2018",Francesca Bowen,Champigny-Sur-Marne,France
B-25674,"Monday, May 28, 2018",Madison Rowley,Wolverhampton,United Kingdom
B-25675,"Thursday, May 31, 2018",Madeline Crooks,Norwich,United Kingdom
B-25676,"Friday, June 1, 2018",Craig Rayner,Pozzuoli,Italy
B-25677,"Saturday, June 2, 2018",Joseph Locke,Berlin,Germany
B-25678,"Sunday, June 3, 2018",Demi Power,Passau,Germany
B-25679,"Monday, June 4, 2018",Aaron Bootman,Marsala,Italy
B-25680,"Monday, June 4, 2018",Pamela Searles,London,United Kingdom
B-25681,"Monday, June 4, 2018",Edward Hodges,Neuilly-Sur-Marne,France
B-25682,"Thursday, June 7, 2018",Lola Hughes,Bideford,United Kingdom
B-25683,"Friday, June 8, 2018",Noah Hart,Drancy,France
B-25684,"Saturday, June 9, 2018",Viola Watson,Sheffield,United Kingdom
B-25685,"Sunday, June 10, 2018",Madison Rowley,Vertou,France
B-25686,"Monday, June 11, 2018",Dylan Disney,Leuven,Belgium
B-25687,"Monday, June 11, 2018",Eva Hargraves,Milan,Italy
B-25688,"Monday, June 11, 2018",Leah Barrett,Bologna,Italy
B-25689,"Thursday, June 14, 2018",Molly Palmer,Montigny-Le-Bretonneux,France
B-25690,"Friday, June 15, 2018",Charlie Wells,Saint-Ouen,France
B-25691,"Saturday, June 16, 2018",Rory Jess,London,United Kingdom
B-25692,"Sunday, June 17, 2018",Jack Brier,Paris,France
B-25693,"Monday, June 18, 2018",Millie Newman,Boulogne-Sur-Mer,France
B-25694,"Monday, June 18, 2018",Molly Bidmead,Darmstadt,Germany
B-25695,"Monday, June 18, 2018",Susan Williams,Pescara,Italy
B-25696,"Thursday, June 21, 2018",George To Rot,Catania,Italy
B-25697,"Friday, June 22, 2018",Holly Doyle,Wuppertal,Germany
B-25698,"Saturday, June 23, 2018",Sebastian Mcclelland,Elx,Spain
B-25699,"Sunday, June 24, 2018",Phoebe Baines,Crotone,Italy
B-25700,"Monday, June 25, 2018",Scarlett Truchanas,Bari,Italy
B-25701,"Tuesday, June 26, 2018",Charlotte Taylor,Siena,Italy
B-25702,"Wednesday, June 27, 2018",Jack Brier,Berlin,Germany
B-25703,"Thursday, June 28, 2018",Jason Martinez,Strasbourg,France
B-25704,"Friday, June 29, 2018",Lincoln Want,Pulheim,Germany
B-25705,"Saturday, June 30, 2018",Dennis Conaway,Bonn,Germany
B-25706,"Sunday, July 1, 2018",Piper Wilder-Neligan,Frankfurt,Germany
B-25707,"Sunday, July 1, 2018",Randall Roberts,Las Rozas De Madrid,Spain
B-25708,"Sunday, July 1, 2018",Julian Corbin,Valencia,Spain
B-25709,"Sunday, July 1, 2018",Edward Zwar,York,United Kingdom
B-25710,"Thursday, July 5, 2018",Rory Martindale,Carcassonne,France
B-25711,"Friday, July 6, 2018",Lisa Watkins,Aachen,Germany
B-25712,"Saturday, July 7, 2018",Mark Washington,Montreuil,France
B-25713,"Sunday, July 8, 2018",Francesca Bowen,High Wycombe,United Kingdom
B-25714,"Monday, July 9, 2018",James Fleming,Vienna,Austria
B-25715,"Tuesday, July 10, 2018",David Harney,Essen,Germany
B-25716,"Wednesday, July 11, 2018",Maya Summers,Bochum,Germany
B-25717,"Thursday, July 12, 2018",Stacy Cummings,Wattrelos,France
B-25718,"Thursday, July 12, 2018",Koby Phillip,Cagliari,Italy
B-25719,"Thursday, July 12, 2018",Rachel Tyler,Lyon,France
B-25720,"Sunday, July 15, 2018",Hollie Norris,Halle,Germany
B-25721,"Monday, July 16, 2018",Jasper Neighbour,Grosseto,Italy
B-25722,"Tuesday, July 17, 2018",Gemma Curlewis,Baden-Baden,Germany
B-25723,"Wednesday, July 18, 2018",Ruby Blomfield,Madrid,Spain
B-25724,"Thursday, July 19, 2018",Aaron Davey,Munich,Germany
B-25725,"Friday, July 20, 2018",Harry Ahmed,Chatham,United Kingdom
B-25726,"Saturday, July 21, 2018",Louise Winter,Magdeburg,Germany
B-25727,"Sunday, July 22, 2018",Courtney Hancock,Roanne,France
B-25728,"Sunday, July 22, 2018",Isabelle Vaughan,Harrow,United Kingdom
B-25729,"Sunday, July 22, 2018",Andres Woodruff,Firminy,France
B-25730,"Sunday, July 22, 2018",Fredrick Beveridge,La Seyne-Sur-Mer,France
B-25731,"Thursday, July 26, 2018",Tegan Savage,Castrop-Rauxel,Germany
B-25732,"Friday, July 27, 2018",Eva Butler,Oyonnax,France
B-25733,"Saturday, July 28, 2018",Shelby Dunston,Siena,Italy
B-25734,"Sunday, July 29, 2018",Lewis Greenwood,Karlsruhe,Germany
B-25735,"Monday, July 30, 2018",Kerry Dorsey,Vienna,Austria
B-25736,"Tuesday, July 31, 2018",Ethan Barrett,Perpignan,France
B-25737,"Wednesday, August 1, 2018",Ruby Blomfield,Montreuil,France
B-25738,"Thursday, August 2, 2018",Bianca Whitford,London,United Kingdom
B-25739,"Friday, August 3, 2018",Kai Leonard,Sesto San Giovanni,Italy
B-25740,"Friday, August 3, 2018",Isabella Falkiner,Mannheim,Germany
B-25741,"Friday, August 3, 2018",Alexandra Macdonald,La Seyne-Sur-Mer,France
B-25742,"Friday, August 3, 2018",Katie Thom,Mijas,Spain
B-25743,"Tuesday, August 7, 2018",Milla Hollinworth,Toledo,Spain
B-25744,"Wednesday, August 8, 2018",Devin Huddleston,Cagliari,Italy
B-25745,"Thursday, August 9, 2018",Susan Williams,Wallasey,United Kingdom
B-25746,"Friday, August 10, 2018",Mohammed Fox,Cholet,France
B-25747,"Saturday, August 11, 2018",Kiera Chandler,Fontenay-Aux-Roses,France
B-25748,"Sunday, August 12, 2018",Daniel Hamilton,Recklinghausen,Germany
B-25749,"Monday, August 13, 2018",Hershel Snyder,Murcia,Spain
B-25750,"Tuesday, August 14, 2018",David Harney,Saint-Malo,France
B-25751,"Tuesday, August 14, 2018",Norma Mccowan,Augsburg,Germany
B-25752,"Tuesday, August 14, 2018",Joshua Romero,Madrid,Spain
B-25753,"Friday, August 17, 2018",Gracie Hunter,Brindisi,Italy
B-25754,"Saturday, August 18, 2018",Anna Moreton,Paris,France
B-25755,"Sunday, August 19, 2018",Kiara Allen,Frankfurt,Germany
B-25756,"Monday, August 20, 2018",Gemma Sharp,Ipswich,United Kingdom
B-25757,"Tuesday, August 21, 2018",Louis Wilson,London,United Kingdom
B-25758,"Wednesday, August 22, 2018",Archie Whittaker,Hastings,United Kingdom
B-25759,"Thursday, August 23, 2018",Skye Mccaffrey,Lattes,France
B-25760,"Friday, August 24, 2018",Benjamin Lee,Brindisi,Italy
B-25761,"Saturday, August 25, 2018",Carrie Boots,Evreux,France
B-25762,"Sunday, August 26, 2018",Koby Tompson,Riom,France
B-25763,"Monday, August 27, 2018",Ebony Sadlier,Bremen,Germany
B-25764,"Tuesday, August 28, 2018",Oscar Serena,Ulm,Germany
B-25765,"Wednesday, August 29, 2018",Jessica Paramor,Aix-En-Provence,France
B-25766,"Thursday, August 30, 2018",Ryan Price,Vienna,Austria
B-25767,"Friday, August 31, 2018",Lillian Davis,Hamburg,Germany
B-25768,"Saturday, September 1, 2018",Elise Ali,Genk,Belgium
B-25769,"Sunday, September 2, 2018",Molly Crawford,Wigan,United Kingdom
B-25770,"Sunday, September 2, 2018",Georgina Arnold,Paisley,United Kingdom
B-25771,"Sunday, September 2, 2018",Paige Horsfall,Stralsund,Germany
B-25772,"Sunday, September 2, 2018",Elijah Ruatoka,Marseille,France
B-25773,"Thursday, September 6, 2018",Milla Hollinworth,Bolzano,Italy
B-25774,"Friday, September 7, 2018",Tom Charlton,Harrow,United Kingdom
B-25775,"Saturday, September 8, 2018",Hayley Swanston,Hamburg,Germany
B-25776,"Sunday, September 9, 2018",Ashton Charles,Pessac,France
B-25777,"Monday, September 10, 2018",Jeremy Pilcher,Innsbruck,Austria
B-25778,"Tuesday, September 11, 2018",Ginger Owens,Rostock,Germany
B-25779,"Wednesday, September 12, 2018",Viola Watson,Leeds,United Kingdom
B-25780,"Thursday, September 13, 2018",Juanita Smalls,Herten,Germany
B-25781,"Friday, September 14, 2018",Tyler Whitehead,Warrington,United Kingdom
B-25782,"Saturday, September 15, 2018",Julian Mack,Courbevoie,France
B-25783,"Saturday, September 15, 2018",Logan Tilley,Bonn,Germany
B-25784,"Saturday, September 15, 2018",Kayla Tearle,Mont-De-Marsan,France
B-25785,"Saturday, September 15, 2018",Toby Clunie,Paris,France
B-25786,"Wednesday, September 19, 2018",Jordan Peacock,Saint-Laurent-Du-Var,France
B-25787,"Thursday, September 20, 2018",Mark Westfall,Rochdale,United Kingdom
B-25788,"Friday, September 21, 2018",Aaron Bootman,Vicenza,Italy
B-25789,"Saturday, September 22, 2018",Xavier Martindale,Cologne,Germany
B-25790,"Sunday, September 23, 2018",Eva Butler,Velbert,Germany
B-25791,"Monday, September 24, 2018",Eva Arnold,Watford,United Kingdom
B-25792,"Monday, September 24, 2018",Ashton Foley,Bressuire,France
B-25793,"Monday, September 24, 2018",Riley Douglas,Menden,Germany
B-25794,"Monday, September 24, 2018",Spencer Calvert,Quimper,France
B-25795,"Monday, September 24, 2018",Gerald Galvan,Nantes,France
B-25796,"Monday, September 24, 2018",Chloe O'Dea,Gloucester,United Kingdom
B-25797,"Sunday, September 30, 2018",Nathan Clayton,Berlin,Germany
B-25798,"Monday, October 1, 2018",Oscar Clayton,Colmar,France
B-25799,"Monday, October 1, 2018",Alexis O'Flaherty,Madrid,Spain
B-25800,"Monday, October 1, 2018",Anna Leal,Vienna,Austria
B-25801,"Monday, October 1, 2018",Jodie Garner,Vernon,France
B-25802,"Friday, October 5, 2018",Owen Howell,Ponferrada,Spain
B-25803,"Friday, October 5, 2018",David Harney,Menden,Germany
B-25804,"Friday, October 5, 2018",Casey Forte,Bolton,United Kingdom
B-25805,"Friday, October 5, 2018",Jean Crowley,Graz,Austria
B-25806,"Saturday, October 6, 2018",Michael Wilson,Vienna,Austria
B-25807,"Sunday, October 7, 2018",Denise Harris,Tarragona,Spain
B-25808,"Monday, October 8, 2018",Henry Winder,Rostock,Germany
B-25809,"Tuesday, October 9, 2018",Mike Langer,Wiesbaden,Germany
B-25810,"Wednesday, October 10, 2018",Jake Barry,Lisieux,France
B-25811,"Wednesday, October 10, 2018",Bettie Lang,Manresa,Spain
B-25812,"Wednesday, October 10, 2018",Ramona Hohl,Vienna,Austria
B-25813,"Wednesday, October 10, 2018",Scott Higgins,Offenbach,Germany
B-25814,"Wednesday, October 10, 2018",Morgan Anderson,Foligno,Italy
B-25815,"Wednesday, October 10, 2018",Susan Williams,Southend-On-Sea,United Kingdom
B-25816,"Friday, October 12, 2018",Shannon Howe,Helsinki,Finland
B-25817,"Saturday, October 13, 2018",Mackenzie Whitford,Limoges,France
B-25818,"Sunday, October 14, 2018",Caleb Kenyon,Torrevieja,Spain
B-25819,"Monday, October 15, 2018",Courtney Hancock,London,United Kingdom
B-25820,"Tuesday, October 16, 2018",Robert Quick,Vigo,Spain
B-25821,"Tuesday, October 16, 2018",Sam Wood,Noisy-Le-Sec,France
B-25822,"Thursday, October 18, 2018",Michael Bradshaw,Duisburg,Germany
B-25823,"Thursday, October 18, 2018",Cerys Edwards,Landerneau,France
B-25824,"Saturday, October 20, 2018",Sam Wood,Glasgow,United Kingdom
B-25825,"Sunday, October 21, 2018",Lauren Knight,Belfort,France
B-25826,"Monday, October 22, 2018",Lilly Le Grand,La Seyne-Sur-Mer,France
B-25827,"Tuesday, October 23, 2018",Sandra Cook,Worcester,United Kingdom
B-25828,"Wednesday, October 24, 2018",Alana Tyson,Valencia,Spain
B-25829,"Thursday, October 25, 2018",Thomas Shepherd,Stockport,United Kingdom
B-25830,"Friday, October 26, 2018",Alannah Langridge,Castrop-Rauxel,Germany
B-25831,"Saturday, October 27, 2018",Faith Greenwood,Vienna,Austria
B-25832,"Sunday, October 28, 2018",Esther Henderson,Hamburg,Germany
B-25833,"Monday, October 29, 2018",Shannon Howe,Madrid,Spain
B-25834,"Monday, October 29, 2018",Erin Rogers,Mannheim,Germany
B-25835,"Monday, October 29, 2018",Kiara Allen,Parma,Italy
B-25836,"Monday, October 29, 2018",Joseph Locke,Vienna,Austria
B-25837,"Monday, October 29, 2018",Terence Welch,Brindisi,Italy
B-25838,"Monday, October 29, 2018",Spencer Akhtar,Berlin,Germany
B-25839,"Tuesday, October 30, 2018",Daryl Claypool,Seville,Spain
B-25840,"Wednesday, October 31, 2018",Maddison Breen,Cork,Ireland
B-25841,"Thursday, November 1, 2018",Charlie Wells,Sheffield,United Kingdom
B-25842,"Friday, November 2, 2018",Tom Charlton,Argenteuil,France
B-25843,"Saturday, November 3, 2018",Walter Coley,Maisons-Alfort,France
B-25844,"Saturday, November 3, 2018",Samuel Hardey,Valencia,Spain
B-25845,"Saturday, November 3, 2018",Angelina Hurst,Menton,France
B-25846,"Saturday, November 3, 2018",Tyson Jonathan,Digne-Les-Bains,France
B-25847,"Saturday, November 3, 2018",Natasha Sykes,London,United Kingdom
B-25848,"Saturday, November 3, 2018",Gary Crume,Hanover,Germany
B-25849,"Sunday, November 4, 2018",Lane Taylor,Anglet,France
B-25850,"Monday, November 5, 2018",Nancy Fike,Basel,Switzerland
B-25851,"Tuesday, November 6, 2018",Mariam Mcmeckan,Rubí,Spain
B-25852,"Wednesday, November 7, 2018",Dominic Stephenson,Derby,United Kingdom
B-25853,"Thursday, November 8, 2018",Gilbert Montgomery,Bochum,Germany
B-25854,"Thursday, November 8, 2018",Karon Shah,Stuttgart,Germany
B-25855,"Thursday, November 8, 2018",Ebony Sadlier,Antwerp,Belgium
B-25856,"Saturday, November 10, 2018",Lucas Warren,Krefeld,Germany
B-25857,"Saturday, November 10, 2018",Samuel Thomas,Castres,France
B-25858,"Tuesday, November 13, 2018",Patricia Lukes,Almelo,Netherlands
B-25859,"Wednesday, November 14, 2018",Kelly Long,Vienna,Austria
B-25860,"Thursday, November 15, 2018",Gracie Hunter,Wuppertal,Germany
B-25861,"Thursday, November 15, 2018",Ryan Price,Dudley,United Kingdom
B-25862,"Thursday, November 15, 2018",Donna Nash,Tourcoing,France
B-25863,"Thursday, November 15, 2018",Lisa Watkins,Alcobendas,Spain
B-25864,"Thursday, November 15, 2018",Cerys Edwards,Munich,Germany
B-25865,"Thursday, November 15, 2018",Alexander Bond,Lugo,Spain
B-25866,"Friday, November 16, 2018",Jennifer Mattingly,Trapani,Italy
B-25867,"Saturday, November 17, 2018",Thomas Thompson,Florence,Italy
B-25868,"Sunday, November 18, 2018",Leon Barnes,Helsinki,Finland
B-25869,"Monday, November 19, 2018",Noah Chamberlain,Bielefeld,Germany
B-25870,"Tuesday, November 20, 2018",Mary Saterfiel,Woking,United Kingdom
B-25871,"Wednesday, November 21, 2018",Caleb Kenyon,Cottbus,Germany
B-25872,"Thursday, November 22, 2018",John Kemp,Pforzheim,Germany
B-25873,"Friday, November 23, 2018",Gary Crume,Oberhausen,Germany
B-25874,"Saturday, November 24, 2018",Toby Conway,Geneva,Switzerland
B-25875,"Saturday, November 24, 2018",Ellie Chapman,Leverkusen,Germany
B-25876,"Saturday, November 24, 2018",Toby Williamson,Saint-Avold,France
B-25877,"Saturday, November 24, 2018",Ethan Barrett,Longjumeau,France
B-25878,"Saturday, November 24, 2018",Tina Brantley,Vallauris,France
B-25879,"Saturday, November 24, 2018",Spencer Calvert,Plymouth,United Kingdom
B-25880,"Saturday, November 24, 2018",Holly Doyle,Magdeburg,Germany
B-25881,"Sunday, November 25, 2018",Andrew Shah,Arnsberg,Germany
B-25882,"Monday, November 26, 2018",Max Baker,Halle,Germany
B-25883,"Tuesday, November 27, 2018",Angus Gether,Vitry-Sur-Seine,France
B-25884,"Wednesday, November 28, 2018",Ali Mander-Jones,Dos Hermanas,Spain
B-25885,"Wednesday, November 28, 2018",Oscar Serena,Halle,Germany
B-25886,"Wednesday, November 28, 2018",Demi Hodgson,Vienna,Austria
B-25887,"Saturday, December 1, 2018",Paul Cleary,Villingen-Schwenningen,Germany
B-25888,"Sunday, December 2, 2018",Jasmine Slater,Coslada,Spain
B-25889,"Monday, December 3, 2018",Jay Andrews,Halifax,United Kingdom
B-25890,"Tuesday, December 4, 2018",Hershel Snyder,Lohne,Germany
B-25891,"Tuesday, December 4, 2018",Oliver Stephenson,Parma,Italy
B-25892,"Tuesday, December 4, 2018",Hayley Baldwinson,Oslo,Norway
B-25893,"Tuesday, December 4, 2018",Carrie Boots,Vienna,Austria
B-25894,"Tuesday, December 4, 2018",Lilly Le Grand,Rome,Italy
B-25895,"Tuesday, December 4, 2018",Tyson Jonathan,Madrid,Spain
B-25896,"Wednesday, December 5, 2018",Toby Starling,Valladolid,Spain
B-25897,"Thursday, December 6, 2018",Leslie Wilson,Antwerp,Belgium
B-25898,"Friday, December 7, 2018",Michelle Barrett,Geneva,Switzerland
B-25899,"Saturday, December 8, 2018",Niamh Mann,Paris,France
B-25900,"Sunday, December 9, 2018",Jonathan Bottrill,Glasgow,United Kingdom
B-25901,"Monday, December 10, 2018",Felicia Cooley,Ghent,Belgium
B-25902,"Monday, December 10, 2018",Elijah Sodeman,Luton,United Kingdom
B-25903,"Monday, December 10, 2018",Tyler Miah,Remscheid,Germany
B-25904,"Monday, December 10, 2018",Michael Watkins,Wuppertal,Germany
B-25905,"Tuesday, December 11, 2018",Ella Troy,Vienna,Austria
B-25906,"Tuesday, December 11, 2018",Rose Heap,Cergy,France
B-25907,"Tuesday, December 11, 2018",Liam Mathias,Langenhagen,Germany
B-25908,"Wednesday, December 12, 2018",Alannah Callaway,Birkenhead,United Kingdom
B-25909,"Thursday, December 13, 2018",Nancy Fike,Vincennes,France
B-25910,"Friday, December 14, 2018",Brooke Horton,Paris,France
B-25911,"Saturday, December 15, 2018",Abbie Perry,Massa,Italy
B-25912,"Sunday, December 16, 2018",Kayleigh Farmer,Elda,Spain
B-25913,"Monday, December 17, 2018",Hollie Morris,Les Lilas,France
B-25914,"Tuesday, December 18, 2018",Kayleigh Farmer,Palermo,Italy
B-25915,"Wednesday, December 19, 2018",Molly De Mole,Edinburgh,United Kingdom
B-25916,"Thursday, December 20, 2018",Lilly Akhtar,Turku,Finland
B-25917,"Friday, December 21, 2018",Melody Nelson,Cesena,Italy
B-25918,"Saturday, December 22, 2018",Dominic Elliott,Peterborough,United Kingdom
B-25919,"Sunday, December 23, 2018",Louis Scott,Vienna,Austria
B-25920,"Monday, December 24, 2018",Daniel Burke,Echirolles,France
B-25921,"Tuesday, December 25, 2018",Katherine Grant,Paris,France
B-25922,"Wednesday, December 26, 2018",Henry Chandler,Rennes,France
B-25923,"Thursday, December 27, 2018",Koby Phillip,Bonn,Germany
B-25924,"Friday, December 28, 2018",Lucas Warren,Bochum,Germany
B-25925,"Saturday, December 29, 2018",Zoe Lowin,Antibes,France
B-25926,"Sunday, December 30, 2018",Hayden Perkins,Aprilia,Italy
B-25927,"Monday, December 31, 2018",Jason Roger,Langenhagen,Germany
B-25928,"Monday, January 1, 2018",Eden Kern,Cologne,Germany
B-25929,"Tuesday, January 2, 2018",Michael Halcomb,Helsinki,Finland
B-25930,"Wednesday, January 3, 2018",Maddison Newman,Utrecht,Netherlands
B-25931,"Thursday, January 4, 2018",Mary Wilson,Augsburg,Germany
B-25932,"Thursday, January 4, 2018",Georgina Garner,Vienna,Austria
B-25933,"Thursday, January 4, 2018",Toby Williamson,Alicante,Spain
B-25934,"Thursday, January 4, 2018",Nicole Johns,Fuengirola,Spain
B-25935,"Thursday, January 4, 2018",Luca Varley,Sannois,France
B-25936,"Friday, January 5, 2018",Summer Hayward,Murcia,Spain
B-25937,"Friday, January 5, 2018",William Martin,Barcelona,Spain
B-25938,"Friday, January 5, 2018",Jason Roger,Messina,Italy
B-25939,"Friday, January 5, 2018",Leo Bannister,Courbevoie,France
B-25940,"Saturday, January 6, 2018",Ella Troy,Ercolano,Italy
B-25941,"Sunday, January 7, 2018",Sofia De Castella,Potsdam,Germany
B-25942,"Monday, January 8, 2018",Harry Josephson,Ludwigshafen Am Rhein,Germany
B-25943,"Tuesday, January 9, 2018",Anna Kelly,Valdemoro,Spain
B-25944,"Wednesday, January 10, 2018",Maya O'Sullivan,Argenteuil,France
B-25945,"Thursday, January 11, 2018",Hollie Morris,Limoges,France
B-25946,"Friday, January 12, 2018",Jade Farmer,Walsall,United Kingdom
B-25947,"Saturday, January 13, 2018",Isabella Secombe,Madrid,Spain
B-25948,"Saturday, January 13, 2018",Eve Bates,Bamberg,Germany
B-25949,"Saturday, January 13, 2018",Paul Cleary,Paris,France
B-25950,"Saturday, January 13, 2018",Devin Huddleston,Valence,France
B-25951,"Saturday, January 13, 2018",Gracie Hicks,Siegen,Germany
B-25952,"Saturday, January 13, 2018",Vaughn Gibbs,Gela,Italy
B-25953,"Sunday, January 14, 2018",Carley Wynn,Turin,Italy
B-25954,"Sunday, January 14, 2018",Evie Flockhart,Genoa,Italy
B-25955,"Tuesday, January 16, 2018",Daniel Hamilton,Vienna,Austria
B-25956,"Wednesday, January 17, 2018",Mike Obrien,Valencia,Spain
B-25957,"Thursday, January 18, 2018",Tyson Brookman,Paris,France
B-25958,"Thursday, January 18, 2018",Philip Newsom,Ulm,Germany
B-25959,"Thursday, January 18, 2018",Josh Wilkinson,Lormont,France
B-25960,"Thursday, January 18, 2018",Summer Hayward,Nice,France
B-25961,"Thursday, January 18, 2018",Edward Webber,Moers,Germany
B-25962,"Friday, January 19, 2018",Eva Sanderson,Wiesbaden,Germany
B-25963,"Friday, January 19, 2018",Lincoln Want,Rimini,Italy
B-25964,"Saturday, January 20, 2018",Robert James,Vincennes,France
B-25965,"Sunday, January 21, 2018",Eden Kern,Kiel,Germany
B-25966,"Sunday, January 21, 2018",Rory Gunson,Vienna,Austria
B-25967,"Sunday, January 21, 2018",Kayla Tearle,Basel,Switzerland
B-25968,"Sunday, January 21, 2018",Natasha Heane,Rovigo,Italy
B-25969,"Sunday, January 21, 2018",Winnie Moss,Barcelona,Spain
B-25970,"Monday, January 22, 2018",Gracie Powell,Woking,United Kingdom
B-25971,"Monday, January 22, 2018",Evie Rees,Le Blanc-Mesnil,France
B-25972,"Tuesday, January 23, 2018",Adam Harte,Nottingham,United Kingdom
B-25973,"Wednesday, January 24, 2018",Jonathan Loftus,Augsburg,Germany
B-25974,"Thursday, January 25, 2018",Daryl Claypool,Le Havre,France
B-25975,"Thursday, January 25, 2018",Madison Chadwick,Littlehampton,United Kingdom
B-25976,"Thursday, January 25, 2018",Daryl Claypool,Ludwigshafen Am Rhein,Germany
B-25977,"Saturday, January 27, 2018",Tahlia Murnin,Mansfield,United Kingdom
B-25978,"Saturday, January 27, 2018",Tammy Chamblee,Minden,Germany
B-25979,"Saturday, January 27, 2018",Carl Proctor,Vienna,Austria
B-25980,"Saturday, January 27, 2018",Ethan Howarth,Montpellier,France
B-25981,"Sunday, January 28, 2018",Molly Bidmead,Paris,France
B-25982,"Monday, January 29, 2018",Rory Chambers,Vittoria,Italy
B-25983,"Tuesday, January 30, 2018",Molly Palmer,Harrogate,United Kingdom
B-25984,"Tuesday, January 30, 2018",Kieran Herbert,Guildford,United Kingdom
B-25985,"Wednesday, January 31, 2018",Lilian Macredie,Basel,Switzerland
B-25986,"Wednesday, January 31, 2018",Maddison Breen,Berlin,Germany
B-25987,"Wednesday, January 31, 2018",Lauren Knight,Orsay,France
B-25988,"Wednesday, January 31, 2018",Robert Quick,Roubaix,France
B-25989,"Thursday, February 1, 2018",Georgina Garner,Remscheid,Germany
B-25990,"Friday, February 2, 2018",Christopher Goold,Gandia,Spain
B-25991,"Saturday, February 3, 2018",Leah Barrett,Hamburg,Germany
B-25992,"Saturday, February 3, 2018",Gabriel Sanders,Stavanger,Norway
B-25993,"Saturday, February 3, 2018",Maya O'Sullivan,Vignola,Italy
B-25994,"Saturday, February 3, 2018",Lane Taylor,Ludwigshafen Am Rhein,Germany
B-25995,"Sunday, February 4, 2018",Robert Ramsey,Marsala,Italy
B-25996,"Sunday, February 4, 2018",Rebecca Heysen,Vienna,Austria
B-25997,"Sunday, February 4, 2018",Zachary Disher,Colchester,United Kingdom
B-25998,"Sunday, February 4, 2018",Alana Tyson,Portsmouth,United Kingdom
B-25999,"Monday, February 5, 2018",Ava Corbin,Berlin,Germany
B-26000,"Tuesday, February 6, 2018",David Chadwick,Hamburg,Germany
B-26001,"Wednesday, February 7, 2018",Alexandra Macdonald,Saint-Priest,France
B-26002,"Thursday, February 8, 2018",Christy Wiley,Cologne,Germany
B-26003,"Thursday, February 8, 2018",Everett Dunbar,Langen,Germany
B-26004,"Thursday, February 8, 2018",Nicole Nash,Baden-Baden,Germany
B-26005,"Thursday, February 8, 2018",Joseph Ford,Basel,Switzerland
B-26006,"Friday, February 9, 2018",Norma Mccowan,Berlin,Germany
B-26007,"Friday, February 9, 2018",Patricia Smith,Zwickau,Germany
B-26008,"Friday, February 9, 2018",Lauren Knight,London,United Kingdom
B-26009,"Saturday, February 10, 2018",Eileen Walker,Pontoise,France
B-26010,"Sunday, February 11, 2018",Darcy Farnell,Treviso,Italy
B-26011,"Monday, February 12, 2018",Justin Armit,London,United Kingdom
B-26012,"Tuesday, February 13, 2018",Jason Martinez,Turin,Italy
B-26013,"Tuesday, February 13, 2018",Jacob Roemer,Nogent-Sur-Oise,France
B-26014,"Tuesday, February 13, 2018",Mike Langer,Huddersfield,United Kingdom
B-26015,"Wednesday, February 14, 2018",Spencer Wallis,London,United Kingdom
B-26016,"Wednesday, February 14, 2018",Denise Harris,Dudley,United Kingdom
B-26017,"Wednesday, February 14, 2018",Abby Mei,Vantaa,Finland
B-26018,"Wednesday, February 14, 2018",Laura Akhtar,Ajaccio,France
B-26019,"Thursday, February 15, 2018",Claire Harrington,Cologne,Germany
B-26020,"Friday, February 16, 2018",Angus De Groot,Farnborough,United Kingdom
B-26021,"Saturday, February 17, 2018",Archer Hort,Toulouse,France
B-26022,"Sunday, February 18, 2018",Dylan Disney,Hamburg,Germany
B-26023,"Monday, February 19, 2018",Isabelle Macghey,Hamburg,Germany
B-26024,"Monday, February 19, 2018",Eva Hargraves,Bremen,Germany
B-26025,"Monday, February 19, 2018",Toby Clunie,London,United Kingdom
B-26026,"Monday, February 19, 2018",Faith Chambers,Hattingen,Germany
B-26027,"Tuesday, February 20, 2018",Denise Harris,Linz,Austria
B-26028,"Tuesday, February 20, 2018",Millie Arnold,Lille,France
B-26029,"Tuesday, February 20, 2018",Lisa Boyette,Madrid,Spain
B-26030,"Wednesday, February 21, 2018",Melissa Bean,Prato,Italy
B-26031,"Thursday, February 22, 2018",Eve Spencer,Lowestoft,United Kingdom
B-26032,"Thursday, February 22, 2018",Harry Nelson,Treviso,Italy
B-26033,"Thursday, February 22, 2018",Adam Bentley,Newcastle Upon Tyne,United Kingdom
B-26034,"Friday, February 23, 2018",Maddison Newman,Linz,Austria
B-26035,"Friday, February 23, 2018",Aaron Cunningham,Innsbruck,Austria
B-26036,"Friday, February 23, 2018",Caleb Kenyon,Berlin,Germany
B-26037,"Friday, February 23, 2018",Ngoc Orozco,Molfetta,Italy
B-26038,"Saturday, February 24, 2018",Darcy Farnell,Grosseto,Italy
B-26039,"Sunday, February 25, 2018",Maya Pamphlett,Cologne,Germany
B-26040,"Monday, February 26, 2018",Ronald Everson,Beaune,France
B-26041,"Tuesday, February 27, 2018",James Casados,Mijas,Spain
B-26042,"Wednesday, February 28, 2018",Thomas Stephens,Marly-Le-Roi,France
B-26043,"Thursday, March 1, 2018",Theresa Varner,Milan,Italy
B-26044,"Friday, March 2, 2018",Jesse Godson,Regensburg,Germany
B-26045,"Saturday, March 3, 2018",Taj Knetes,Bry-Sur-Marne,France
B-26046,"Sunday, March 4, 2018",Gemma Curlewis,Hamburg,Germany
B-26047,"Sunday, March 4, 2018",Alexandra Macdonald,Pforzheim,Germany
B-26048,"Sunday, March 4, 2018",Charlotte Taylor,Marseille,France
B-26049,"Monday, March 5, 2018",Ellie Chapman,Tarragona,Spain
B-26050,"Tuesday, March 6, 2018",Rose Heap,Munich,Germany
B-26051,"Wednesday, March 7, 2018",Harry Ahmed,Marseille,France
B-26052,"Thursday, March 8, 2018",Anna Kelly,Northampton,United Kingdom
B-26053,"Friday, March 9, 2018",Kayleigh Summers,Troisdorf,Germany
B-26054,"Saturday, March 10, 2018",Thomas Mccallum,Leipzig,Germany
B-26055,"Saturday, March 10, 2018",Ethel Cole,Lunel,France
B-26056,"Saturday, March 10, 2018",Jessica Paramor,Magdeburg,Germany
B-26057,"Saturday, March 10, 2018",Mark Westfall,Pozzuoli,Italy
B-26058,"Sunday, March 11, 2018",Cerys Edwards,Berlin,Germany
B-26059,"Monday, March 12, 2018",Angus Reading,Namur,Belgium
B-26060,"Tuesday, March 13, 2018",Thomas Stephens,Berlin,Germany
B-26061,"Wednesday, March 14, 2018",Lily Tyler,Carcassonne,France
B-26062,"Thursday, March 15, 2018",Milla Day,Torrevieja,Spain
B-26063,"Thursday, March 15, 2018",Adam Walpole,Berlin,Germany
B-26064,"Friday, March 16, 2018",Robert Ramsey,Sunderland,United Kingdom
B-26065,"Friday, March 16, 2018",Craig Rayner,Oslo,Norway
B-26066,"Friday, March 16, 2018",Libby Mcdonald,High Wycombe,United Kingdom
B-26067,"Friday, March 16, 2018",Alexis Code,Troisdorf,Germany
B-26068,"Friday, March 16, 2018",Juan Smith,Newcastle Upon Tyne,United Kingdom
B-26069,"Saturday, March 17, 2018",Ronald Everson,Dresden,Germany
B-26070,"Sunday, March 18, 2018",Joseph Wright,Beauvais,France
B-26071,"Monday, March 19, 2018",Angelina Beeton,Dudley,United Kingdom
B-26072,"Tuesday, March 20, 2018",Ashton Foley,Neuilly-Sur-Seine,France
B-26073,"Wednesday, March 21, 2018",Peter Daly,Hildesheim,Germany
B-26074,"Wednesday, March 21, 2018",Rita Mccann,Murcia,Spain
B-26075,"Wednesday, March 21, 2018",Tahlia Murnin,Worcester,United Kingdom
B-26076,"Wednesday, March 21, 2018",Gail Thompson,Molina De Segura,Spain
B-26077,"Thursday, March 22, 2018",Taj Knetes,Alfortville,France
B-26078,"Thursday, March 22, 2018",Kieran Herbert,Madrid,Spain
B-26079,"Thursday, March 22, 2018",Archer Hort,Vannes,France
B-26080,"Thursday, March 22, 2018",Dylan Dry,Cinisello Balsamo,Italy
B-26081,"Thursday, March 22, 2018",Hudson Ordell,Taverny,France
B-26082,"Friday, March 23, 2018",Mia Mclean,Hamburg,Germany
B-26083,"Saturday, March 24, 2018",Michael Watkins,Talence,France
B-26084,"Sunday, March 25, 2018",Kayla Tearle,Duisburg,Germany
B-26085,"Monday, March 26, 2018",Anthony Stewart,Wigan,United Kingdom
B-26086,"Monday, March 26, 2018",Amelie North,Paris,France
B-26087,"Monday, March 26, 2018",Alana Zahel,Lisieux,France
B-26088,"Monday, March 26, 2018",Chelsea Bannister,Hamm,Germany
B-26089,"Monday, March 26, 2018",Noah Chamberlain,Ashford,United Kingdom
B-26090,"Tuesday, March 27, 2018",Erick Tanner,Aix-En-Provence,France
B-26091,"Tuesday, March 27, 2018",Ellie Chapman,Mannheim,Germany
B-26092,"Tuesday, March 27, 2018",Alexandra Macdonald,Ravenna,Italy
B-26093,"Tuesday, March 27, 2018",Adam Walpole,London,United Kingdom
B-26094,"Tuesday, March 27, 2018",Leroy Samson,Cestas,France
B-26095,"Wednesday, March 28, 2018",Zara Money,Antwerp,Belgium
B-26096,"Wednesday, March 28, 2018",Lori Miller,Le Petit-Quevilly,France
B-26097,"Wednesday, March 28, 2018",Walter Aguilar,Madrid,Spain
B-26098,"Thursday, March 29, 2018",Noah Chamberlain,Stockton-On-Tees,United Kingdom
B-26099,"Friday, March 30, 2018",Larry Lambert,Messina,Italy
B-26100,"Saturday, March 31, 2018",Ebony Northcott,Nuremberg,Germany
